NAME,CO2/CH4 selectivity
IWR-1,2.129294456949707
LTL-2,4.090985127497086
MOR-1,1.0008873484092504
SEW-1,2.065844799697604
