NAME,H2S/CH4 selectivity
IWR-1,2.43069947897199
LTL-2,6.114606115964318
MOR-1,1.6422676151890656
SEW-1,1.7601338939952178
