NAME,CO2/CH4 selectivity
IWR-1,1.7598119023310592
LTL-2,3.1745354864379
MOR-1,0.996379056787488
SEW-1,1.4333347074879663
