NAME,H2S/CH4 selectivity
IWR-1,1.9214356034926736
LTL-2,4.140739864227977
MOR-1,2.188785919670035
SEW-1,1.7994452228354834
